id,first_name,last_name,place_of_birth,birthday,country_id,is_male
1,John,Smith,6,1980-05-15,1,1
2,Emily,Johnson,7,1982-08-20,2,0
3,Michael,Williams,8,1975-03-10,3,1
4,Jessica,Brown,9,1984-11-25,4,0
5,Daniel,Jones,10,1978-09-05,5,1
6,Sarah,Garcia,11,1986-07-12,6,0
7,David,Martinez,12,1973-01-30,7,1
8,Jennifer,Lopez,13,1980-06-18,8,0
9,James,Gonzalez,14,1976-04-22,9,1
10,Emma,Hernandez,15,1983-02-05,10,0
11,Matthew,Rodriguez,16,1979-10-17,11,1
12,Olivia,Gomez,17,1981-09-03,12,0
13,Andrew,Perez,18,1974-12-08,13,1
14,Charlotte,Sanchez,19,1985-08-14,14,0
15,Ryan,Ramirez,20,1977-07-02,15,1
16,Anna,Torres,21,1982-04-26,16,0
17,Nicholas,Flores,22,1972-11-11,17,1
18,Ava,Rivera,23,1984-10-09,18,0
19,William,Gutierrez,24,1978-06-24,19,1
20,Sophia,Diaz,25,1983-03-28,20,0
21,John,Smith,6,1980-05-15,1,1
22,Emily,Johnson,7,1982-08-20,2,0
23,Michael,Williams,8,1975-03-10,3,1
24,Jessica,Brown,9,1984-11-25,4,0
25,Daniel,Jones,10,1978-09-05,5,1
26,Sarah,Garcia,11,1986-07-12,6,0
27,David,Martinez,12,1973-01-30,7,1
28,Jennifer,Lopez,13,1980-06-18,8,0
29,James,Gonzalez,14,1976-04-22,9,1
30,Emma,Hernandez,15,1983-02-05,10,0
31,Matthew,Rodriguez,16,1979-10-17,11,1
32,Olivia,Gomez,17,1981-09-03,12,0
33,Andrew,Perez,18,1974-12-08,13,1
34,Charlotte,Sanchez,19,1985-08-14,14,0
35,Ryan,Ramirez,20,1977-07-02,15,1
36,Anna,Torres,21,1982-04-26,16,0
37,Nicholas,Flores,22,1972-11-11,17,1
38,Ava,Rivera,23,1984-10-09,18,0
39,William,Gutierrez,24,1978-06-24,19,1
40,Sophia,Diaz,25,1983-03-28,20,0
41,Jacob,Taylor,26,1981-09-15,21,1
42,Mia,Anderson,27,1984-05-20,22,0
43,Ethan,Thomas,28,1976-12-12,23,1
44,Chloe,Wilson,29,1982-03-08,24,0
45,Alexander,Martin,30,1979-07-25,25,1
46,Natalie,White,31,1983-11-18,26,0
47,Daniel,Clark,32,1977-04-02,27,1
48,Olivia,Walker,33,1985-01-16,28,0
49,James,Lewis,34,1973-08-10,29,1
50,Amelia,Hall,35,1980-06-04,30,0
51,Benjamin,Young,36,1984-09-28,31,1
52,Sophia,Allen,37,1978-02-22,32,0
53,Michael,Scott,38,1982-10-05,33,1
54,Emma,King,39,1975-07-30,34,0
55,William,Evans,40,1983-04-24,35,1
56,Emily,Baker,41,1979-11-08,36,0
57,Jacob,Hill,42,1984-08-02,37,1
58,Mia,Wright,43,1976-05-18,38,0
59,Matthew,Adams,44,1980-03-12,39,1
60,Ava,Mitchell,45,1974-12-06,40,0
61,Noah,Thompson,46,1982-07-15,41,1
62,Isabella,Young,47,1979-04-20,42,0
63,William,Garcia,48,1975-11-12,43,1
64,Ava,Martinez,49,1983-06-25,44,0
65,James,Robinson,50,1978-01-08,45,1
66,Olivia,Rodriguez,51,1984-08-22,46,0
67,Liam,Lopez,52,1976-05-05,47,1
68,Sophia,Perez,53,1981-12-28,48,0
69,Benjamin,Torres,54,1979-09-11,49,1
70,Charlotte,Rivera,55,1985-04-03,50,0
71,Daniel,Turner,56,1974-11-17,51,1
72,Amelia,Watson,57,1980-08-09,52,0
73,Michael,Cooper,58,1977-03-24,53,1
74,Emily,Morales,59,1983-10-16,54,0
75,Matthew,Reed,60,1978-07-01,55,1
76,Emma,Bailey,61,1984-01-25,56,0
77,Alexander,Howard,62,1976-06-19,57,1
78,Grace,Hamilton,63,1980-03-04,58,0
79,Lucas,Nelson,64,1979-12-18,59,1
80,Chloe,Carter,65,1985-09-10,60,0
81,Jacob,Hernandez,66,1982-07-15,61,1
82,Mia,Gonzalez,67,1979-04-20,62,0
83,Ethan,Wilson,68,1975-11-12,63,1
84,Harper,Anderson,69,1983-06-25,64,0
85,Noah,Thomas,70,1978-01-08,65,1
86,Avery,Moore,71,1984-08-22,66,0
87,Logan,Jackson,72,1976-05-05,67,1
88,Ella,White,73,1981-12-28,68,0
89,Elijah,Harris,74,1979-09-11,69,1
90,Scarlett,Martin,75,1985-04-03,70,0
91,William,Thompson,76,1974-11-17,71,1
92,Natalie,Lewis,77,1980-08-09,72,0
93,Lucas,Allen,78,1977-03-24,73,1
94,Layla,Young,79,1983-10-16,74,0
95,Alexander,Walker,80,1978-07-01,75,1
96,Aria,Hall,81,1984-01-25,76,0
97,Oliver,King,82,1976-06-19,77,1
98,Zoe,Wright,83,1980-03-04,78,0
99,Levi,Johnson,84,1979-12-18,79,1
100,Charlotte,Green,85,1985-09-10,80,0
